Nama_Usaha,Alamat_Usaha,Latitude,Longitude
AYAM PETELUR,Jalan Pakisan RT.34 RW.10,,
eka alshop,taman,-7.9843324,113.7938855
UD WULANDARI,Penanggungan,-8.0202248,113.7784156
Dagang,Plampang Utara,,
Eka Jaya,Dabasah RT 004/RW 001 DABASAH BONDOWOSO,,
AR Studio,Dusun Sumberkanco,,
KIOS NADIA,PERUM The Green City Blok C 8 Rt 22/ Rw 04 ,,
JUAL GORENGAN,DUSUN KARANG TENGAH 11/04,,
Penjahit EKA,Wonosari Rt.33 Rw.11,,
PENJUAL LELE,Jl.yudodiharjo gg purbosari depan rumah sakit bhayangkara,,
,Jl. Yudhodiharjo gg purbosari depan rumah sakit bhayangkara,,
Mie Ayam Pesona,"Dusun krajan
Desa curahpoh
Rt. 05/Rw01
Kecamatan curahdami. 
Kabupaten Bondowoso",,
QUEEN OF PASTA,JL. A. YANI 51/08 RT.12 RW.03 DABASAH BONDOWOSO,,
ZNB RELOAD,Jl mastrip dusun wangkal desa sukowiryo RT 12 RW 03,,
JUAL BAKSO,SUMBERSUKO RT.09 RW.02,-7.8321158,113.9398887
Bu Eki Sembako,Perum Mutiara Blok N13,,
Eki Sparpart,Desa Trebungan Rt 12 Rw 02,,
Ekie Net,RT.012 RW.002,,
TOKO PUTRA JAYA,DUSUN LUCU RT. 39 RW. 13,,
FREELANCE PALEN RERE,KASEMEK RT.002 RW.001,,
dagang,RT.17 RW.006,-6.1972343,106.8310333
"UD "" ARI RAWIT """,Desa Kerang Rt.014 Rw.007,,
"UD ""AMANAH JAYA""",RT. 003 / RW.001,-7.9134402,113.8222709
AVOREO,Jalan RE Martadinata No.06 RT.23/RW05 Dabasah 68211 Bondowoso ,,
ROJO JOYO,RANDU CANGKRING,,
UD WIDIA COFFE,Dusun Tengger Rt 12 Rw 03 Desa Sukorejo Kecamatan SumberWringin,,
SAMOESIR SCREEN PRINTING,Krajan RT 002 RW 001,,
Jual Beli Tembakau,Desa Pejaten Rt 016 Rw 004,,
TERNAK KELINCI,desa pejaten rt 16 rw 04 kecamatan bondowoso kab bondowoso,,
"TOKO "" SINAR MULIA """,Desa Kerang Rt.001\Rw.001,,
HOBI TANI,DESA WONOSARI RT.027 RW.009 ,,
TOKO RAJAWALI,RT 27/RW 05,,
UD. SANCA JAYA,Prajekan Kidul RT. 02/ RW. 04 Desa Prajekan Kidul ,,
,Prajekan kidul RT. 02/ RW. 04 Kecamatan Prajekan,,
"RUMAH MAKAN ""SURO""",Jl. Sukowono RT 021 RW 007,,
Warung Kopi Cak Eko,Jl. Raya Situbondo Drasah RT.24 / RW.10 Desa Kalitapen Kecamatan Kabupaten Bondowoso,,
bengkel sepeda motor,dsn. kampung haji RT 5 RW 2 ,,
EKO TANI MAKMUR,DUSUN BUNUTAN RT.042 RW.014,,
GENTENGPRESS,DUSUN KRAJAN RT 008 RW 003 KONCER KIDUL KEC.TENGGARANG KAB. BONDOWOSO,,
BAROKAH,"Gayam Klompang, Rt: 008 Rw: 012",,
JUAL PAKAN BURUNG,DESA GRUJUGAN KIDUL RT.23 RW.04,,
PENJAHIT EKO 76,JALAN S PARMAN Gg MAYOR 260 RT.007 RW.001,,
ECom Service Komputer,Jl. Raya Wringin RT.002 / RW.004,,
UD. DAFA (PERDAGANGAN APOKAT / BUAH BUAHAN),Dusun Krajan RT.1 RW.1 ,,
UD. SUMBER REJEKI BARU,"Desa Locare, Krajan Curahdami Bondowoso",,
Budidaya Ikan Barokah,Dusun Tamanan Timur RT 14 RW 03,,
LAPAK SEMBAKO BAROKAH,BOTOLINGGO RT.002 RW.001,,
pertanian ,jetis Rt 11/ Rw 06,-7.9546231,113.7920144
Pertanian,Pelalangan Rt:18/8,,
UD SUKA RUKUN,DESA KALIANYAR RT.008 RW.002,,
KRIPIK B EKUS,Banyuwulu RT 01 RW 01 Desa Wringin Kecamatan Wringin Kabupaten Bondowoso,,
TOKO PANCUR JAYA,DESA BOTOLINGGO RT.007 RW.OO3,,
,DESA BOTOLINGGO RT.007 RW.003,,
PERUSAHAAN ICE CREAM ELLY,Desa pucanganum Rt 05. RW. 01 kec. Jambesari darus sholah,,
TOKO KANG ADE,Desa Kerang Rt.007 Rw.004 Kec SUKOSARI,,
rafiqisnack,JL. PIERRE TENDEAN NO 1,,
Jual Daging Ayam,JL KH ZAINUL ARIFIN 20 RT 004 / RW 001,,
DEPO AIR MINUM ISI ULANG,Jalan A Yani gg 1 no 15 kel. Dabasah Kec . Bondowoso kab. Bondowoso,,
,Jalan. A Yani gg 1 no 15 kel Dabasah kec Bondowoso. Kab Bondowoso,,
"kedai ""AdzFa""",jalan kismangunsarkoro gang melati no.3b,,
PERACANGAN,MAYJEN PANJAITAN I/41 RT/RW 002/001,,
KREA-C MEDIA,"BUKOR, RT.04 RW.02",-7.8438142,113.7551306
,Desa Bukor RT.04 RW.02 Kec. Wringin Kab. Bondowoso,,
,"Bukor, RT.04 RW.02 ",-7.8438142,113.7551306
WARUNG BAKSO,Dusun Krajan RT.001 RW. 001,,
Cafe Kepo Bonsai,Jl.kh.Ali Gang 3 PDAM Keluraham Sekarputih,,
PERDAGANGAN BESAR BUAH-BUAHAN,Jl.Ahmad yani no 107 pas depan kejaksaan Bondowoso,,
PENJUAL LOMBOK,DUSUN KRAJAN RT 09 RW 03,,
"KUE KERING ""BAROKAH""",JLN LETJEN SUPRAPTO GANG PESANTREN NO 20 RT.013 RW.003,,
minuman temulawak dan kunir asam lereng ijen,Jl Diponegoro Gg. I RT.003 RW.001,,
Johan Sablon,Bandelan Rt 03/  Rw 01,,
ELLY BAKERY,RT 01 RW 05 DS. WRINGIN KEC. WRINGIN,,
TOKO 2 PUTRI,Jl. Sukowono Pasar Tamanan Toko 2 Putri,,
Smile Chocolate,Poncogati rt 018 rw 004 poncogati,,
El Tamiimah Collection,Klampokan RT 006/ RW 002,,
LISHA SHOP HOUSE,Jl.Pelita No.09 RT.15 RW.06,,
UD. TANI RIA MAKMUR,Desa Bercak Asri RT. 009,,
Kosmetik,Jl.ahmad yani Asrama perintis no.3 badean-bondowoso,,
Tanaman bunga,"Jl prajekan lor RT,01,RW 06",,
TOKO ALIM,JL.LETNAM RAMTAM RT.004 RW.OO1 ,,
""" TOKO NAURA """,Desa Pecalongan RT.008 RW.002,,
SOTO BLEDEK,JALAN AHMAD YANI BUNDERAN NANGKAAN BONDOWOSO,,
WARUNG ELY LOPIS PECINAN,JL.PB SUDIRMAN RT.020 RW .005,,
PEDAGANG KUE,DUSUN KRAJAN RT.01 RW.01 ,,
SUMBER REJEKI,RT.009/RW.003,,
Ternak ayam,LETNAN SUDIONO 23,-7.9159471,113.8226828
HARAPAN BARU,RT.011 / RW.002,,
WARUNG SAYUR BU EMI,KADEMANGAN RT.026/002,,
pengolahan lele,jl. Diponegoro gg.malabar kelurahan kotakulon kabupaten bonodowoso,,
KONTER EMILDA,dusun lumbung rt. 03 rw. 01 desa curahpoh,,
Warung Buk Tin,Grujugan Kidul RT 008/ RW 002,,
TIGA SAUDARA,Desa Koncer Kidul RT.001 RW.001,,
Penjual jus buah,Jl R.A KARTINI,,
EMPAT PUTRI,WRINGIN RT01/RW12,,
JUAL GORENGAN,CURAHPOH 04/01,-7.9262945,113.7861943
ARIS CAKE,JLN. KIS MANGUNSARKORO RT 008/ RW 004,,
PRODUKSI KERUPUK,Dusun Mengen Selatan RT. 009 RW. 003,,
ENDAH PENJAHIT,Jl. Kis Mangunsarkoro no.12 RT 5/Rw 2,,
DEWA'S BOLEN,"Pondok Pancoran mas,blok B5 Bondowoso",,
,Pancoran Mas Blok B5 Bondowoso,,
UD BANDILAN SAMPURNA,RT 023 RW 010,,
,BANDILAN RT. 023 RW. 010,,
,BANDILAN 023 RT. 010,,
CATERING MBAK ENDANG,KAJAR RT.004 RW.002,-7.9375867,113.8433413
KOKO MILK TEA,Dusun Paleran RT. 04/02,,
pedagang bensin eceran,jalan pelita no 28 16/06 tamansari bondowoso,,
CAHAYA UTAMA,JL.KH AGUS SALIMXII / 03 RT.015 RW.004,,
Pedagang,Sumber Salak rt/rw o4/02,,
"""KARTIKA CATERING""",JALAN PB. SUDIRMAN NO 15 ,,
,JALAN PB. SUDIRMAN NO. 15,,
Jual makanan dan minuman,Jl.re martadinata gang 4 bondowoso,,
Keripik Singkong,Desa Banyuwulu RT.04 RW.02,,
KEDAI GADO-GADO,PELITA 31 RT.016 RW. 006 ,,
Warung Kopi,Jl. Jenpol Sucipto Yudodiharjo,,
PENJUAL ARUM MANIS,GRUJUGAN LOR RT.08 RT.03,-7.9591548,113.8301044
WARUNG MAKANAN KAKI LIMA,JL HOS COKROAMINITO 48 RT.24 RW.04,,
PKBM AL AZHAR Paket A,Jl. Kopral Moerin RT 15 RW 03 Desa Pejaten,,
BERKAH,Los Pasar Desa Jebung Kidul,,
Catering & Cakery Mak Endang,Perum Pancoran Mas A/4,,
JUAL BAKSO,"DESA KLABANG RT.11 RW,04",,
BAKWAN BAROKAH,BLINDUNGAN,-7.9097536,113.8277835
Laksono Jaya,kh agussalim rt 0032 / rw 001,,
Es degan ijo,JEND.POL.SUCIPTO.YUDODIHARJO,,
Pakaian,"Sukosumber II RT 014 RW 002, Kecamatan Sumberwringin, Kabupaten Bondowoso",,
Kue Bu Eni,wringin Rt 001 Rw 013,,
Warung Sayur Mayur Bu Citro,jl A Yani Gg A belakang Koramil kota bondowoso,,
Mayang Shop,Dusun. Tahuan ,,
"KIOS ""ZAKA-ZAKI""",Jalan Raya Kawah Ijen RT. 002 RW. 001,,
Penjahit Tanjung,DESA PENAMBANGAN KECAMATAN CURAHDAMI,,
TOKO PRACANGAN,PETUNG RT 09 RW 04,-7.84624,113.7369977
Mie Ayam,Dusun Karang Malang RT/RW 021/005,,
UD USAHA BARU,LUMUTAN RT.065 RW.012,,
Aura Fotokopi,Jl. Raya Pasar Cermee Bondowoso,,
PEKEBUN,Desa Sumber Salak rt 04/ rw 02 Krajan,,
Nes Hijab,Jl. Teuku Umar 41,,
nasi bungkus,jambe anom,,
TOKO IBOE,"JL. PB. SUDIRMAN NO. 86, RT.036, RW.008",,
,"JL. PB. SUDIRMAN NO. 86, RT.036, RW.008 ",,
toko pracangan,gunosari rt/rw 007/002,,
Warung Cemilan DDD,"Jl. KH. Agus Salim Gg.IX RT.04 RW.02
Blindungan - Bondowoso",,
"TOKO ""DAMAI""",DESA BOTOLINGGO RT.05 RW. 03 ,,
Sasa Nursery,Desa Petung RT 005 RW 002 Kec. Curahdami Kabupaten Bondowoso,,
TEMAN DUDUK CAFE & COFFEE SHOP,Jl. Diponegoro 44-2 ( samping toko fatima Bakery ) Bondowoso,,
TOKO WAHYU,Desa Pancoran,-7.9591547,113.8050553
Eny Cookies,Pejaten RT 21 RW 06,,
TOKO AISYAH,Curahpoh 004/001,,
SALON SETIA KAWAN,Jl. Argopuro Dusun Krajan RT 002 RW 002,,
""" ERFAN NETWORK """,Dsn. Simpang Tiga Rt/Rw : 006/000,,
Es buah,Desa petung rt 2 rw 1 curahdami bondowoso,,
R-CELL,Desa Mengok Rt 014 Rw 002 Kecamatan Pujer,,
MEBEL AULIA,DUSUN PAKEL RT.004 RW.008,,
Warung peracangan susi,Jalan KH. Agus Salim RT.06/RW.02 ,-7.9103604,113.8263967
SETIA MOTOR,"Botolinggo, RT 009/RW 004, Kel. Botolinggo, Kec. Botolinggo, Bondowoso",,
UD PERISAI,DESA LUMUTAN RT.058 RW.011,,
Warung makan,Desa.suco lor rt.24 rw.006 ,,
UD KK MOTOR,DESA PAKISAN RT.009 RW.002,,
Budidaya Jamur Tiram,Jl. Tamanan Desa Pejagan RT 010 RW 003 Kecamatan Jambesari Darus Sholah Kabupaten Bondowoso,,
fani olshop,perum kademangan asri blok d 1 no.4,,
VIN CELLULER,Dusun LucuBbaru RT 018 RW 004,,
BAROKAH MEUBEL CUSTOM,"DESA LOMBOK KULON RT. 007, RW. 003",,
TOKO EMIL,"DESA LOMBOK KULON RT.07 RW. 03
KECAMATAN WONOSARI KABUPATEN BONDOWOSO",,
UD SUMBER JAYA,DUSUN KASEMEK RT.010 RW.005,,
Zirropizza,Jl. Zainul arifin no 2 ,,
MulyaCELL,Jln. PB. Sudirman No. 45,,
aira kitchen,jl brigpol sudarlan rt 012 rw 004,,
Daging ayam buk tatik,"Sumpelan utara,lumutan botolinggo",,
GWANGJU,JL Y REKSOSISWOYO RT 14 RW 06,,
Kue Kering dan Basah,Desa Bataan Kecamatan Tenggarang,,
Monopterus,Jln. Mastrip Rt 05 Rw 01 Sukowiryo Bondowoso,,
Kue ,"Besuk RT 008/02 Kec. Klabang, Kab. Bondowoso",,
Kerajinan dari kayu,Jln R.E martadinata  ,,
industri krupuk,dusun krajan I desa klampokan kecamatan klabang kabupaten bondowoso,,
Gege Cake,"Jl.A Yani 101, RT:03/RW:01 , Dabasah , Bondowoso",,
Pengepul telur puyuh dan daging puyuh,"Desa Kajar RT 004 RW 002 , Kecamatan Tenggarang, Kabupaten Bondowoso",,
TOKO PRACANGAN,DESA GENTONG RT 07 RW 01,,
Erna salon,Dusun rowo rt 013/005,,
PEDAGANG,JL KISAMANGUNSARKORO 08 RT.30 RW.07,,
BERKAH JAYA,Rt.14 / Rw. 06,-6.1972343,106.8310333
PENJUAL ES,KARANG RT.14 RW.05,-7.8563643,113.9537709
UD HUSAIN,DUSUN BARAT CURAH RT.009 RW.003,,
Sandi Jaya,"Jalan Raya Wringin
Pertokoan Lembung Raya",,
Pedagang Gorengan,Dusun Jasaba RT 25 RW 08,,
AL - BAROKAH,NOGOSARI Rt.19 Rw.04,,
Dagangan Sayur-mayur,Desa Pancoran RT 26 RW 10 Kelurahan Pancoran Kecamatan Bondowoso,,
TOKO SUMBER REJEKI,JL.RAYA PAKISAN KEJAYAN,,
pedagang makanan dan minuman,JL. R.A KARTINI NO. 880 BONDOWOSO,,
TOKO ERNI,BATAAN RT 06 RW 02,-7.9206249,113.8444367
ENY COOKIES,PB. SUDIRMAN I/55 RT 020/ RW 005,,
VICTORIA,PONCOGATI  RT 017 RW 004,,
WARUNG,KRAJAN RT.06 RW.03,-8.0113525,113.7718239
"SALON ""VANDY""",Dusun Krajan Selatan RT 001 RW 001,,
WARUNG DAN ANGKRINGAN Mr.Bond,LETJEN SOEPRAPTO RT. 014 RW. 003,,
MEABEL GAVALUM EXPRES,Dusun Kaliayar Selatan RT.017 RW. 004 Tamanan,,
TOKO BU IMAM,Dalam pasar dadaapn STAN 22,,
Padagang kerupuk,Dusun karang gilih RT 04/Rw 02,,
Apotek Avicenna Sehat,Desa wonosari RT 031 RW 010,,
Apotek Avicenna Sehat 2,Jalan Raya Situbondo D. 21 Desa Kalitapen,,
Kulinir,Jetis,-7.9546231,113.7920144
Rias manten dan dekorasi manten,Jalan raya Situbondo 27 prajekan kidul RT 4 RW 1 Prajekan,,
"TOKO ""HARAPAN""",Sekarputih RT. 014 RW. 004 ,,
,Sekarputih RT. 014 RW. 004,,
INDUSTRI KUE,JL. KH AGUS SALIM RT 18 RW 05,,
Kampung Bikers Shop,Sekarputih masuk gang kampung baru kec.tegalampel kab.bondowoso,,
WIEN DAPUR,DESA BATAAN RT 002 / RW 001,,
ERICK SALON,Wonosari RT. 033 RW. 011 Kec. Wonosari Kab. Bondowoso,,
REPARASI MOBIL DAN CUTTING STICKER,MENGOK,-7.9749041,113.871467
Piscok / Pisang coklat,"SUPRIYADI, RT.014 / RW.003, Kademangan, Bondowoso",,
WARUNG RUJAK PUPUT,Kademagnag RT.006/ RW.001,,
ARIF CC,PERUM PERUMAHAN ALAM REGENCY BLOK D 8,,
WINNA COLLECTION,Dusun Klapa Sawit Barat RT 006 RW 002,,
beternak,jln. ayani gg b no. 28 rt.01 rw 01 bondowoso,,
ANEKA KUE INDAH,LOJAJAR RT.004 RW.002 ,-7.9433656,113.8562459
ARJUNA,Sumber Sari Maesan,,
TOKO ESAY MUSAEYANA,Pasar Cermee,,
"warung ""UMMIK ESI""",jalan letjen suprapto gang pesantren rt 13 rw 03 no.35,,
Pande Besi,Dusun Bunduh RT. 10 RW. 03,,
TOKO RAHMAD,Desa Kretek RT.004 RW.001,,
Zet Laundry,Perum griya klabang permai blok D 10 Rt 14 Rw 03,,
UD TEBU JAYA,GUNOSARI RT 02 RW 01,-8.0022157,113.9752552
ETO WOOD,SUMBERSARI,-8.0346389,113.7808428
PEMBUAT REYENG IKAN,KLABANG RT.05 RW.08,-7.8516705,113.8152737
Pekebun,Sumber Salak rt04 rw02,,
Euis SPA dan Make Up Homecare,A. YANI GG KEJAKSAAN Rt. 001 Rw. 003,,
Omah jahit,Jln.brigjen Katamso 33rt30/rw05 ,,
"""FAFA COOKIES""",Jln.letjen suprapto Gg5 Rt10/Rw02,,
Makmur jaya,Desa kalitapen RT 003 RW 002 Kec.Tapen Kab. Bondowoso,,
GEO SOSIS,Desa wringin RT 02 / RW 05 kec. Wringin Kab. Wringin,,
UD DORANG,JLN KISMANGUNSARKORO RT.009 RW.004 ,,
UD DORANG ,JLN KIS MANGUNSARKORO  RT.009 RW. 004 ,,
Warung makanan dan minuman,Dusun karangpande rt 002/ rw 001 grujugan lor jambesari darus sholah bondowoso,,
Nekocha Thaitea Bondowoso,Jl. Dr. Cipto Mangunkusumo No. 5 ,,
PEDAGANG JAYA,PUCANG ANOM,-8.010809,113.8621696
WARUNG EVI,Sumber salam 1 RT.08 RW.03,,
TOKO RAFA,JL MT HARYONO RT 15 RW 03 DESA KOTAKULON KABUPATEN BONDOWOSO,,
PEDAGANG jr,plalangan,-7.8096238,114.0224735
Sewa Kamera,Dusun Pagungan Rt.003 Rw.001,,
PENJAHIT,DUSUN KAMPUNG BARU RT.06 RW.03,,
VEE COLLECTION,Dusun Pandigung RT 044 RW 014,,
Petani Tebu,Dusun Pasar RT 016 RW 003,,
Dido's Chicken,Desa Glingseran RT.02/01,,
WARUNG ANTIKA,Prajekan Kidul RT.005 RW.012,,
UD ELFADZA JAYA,Gebang 07/04,-7.9224912,113.8522608
UD EVITA,Krajan RT/RW 009/003,,
Kuliner,Alun alun Kota,,
TOKO ANGGUN,Jl. Kh. Syamsul Arifin Rt. 011 Rw. 004,,
YUM FOOD,Jln. Kis Mangun Sarkoro. Gang Cincin Mas no 52-A. RT 4/RW 1,,
Toko peracangan,Jl sucipto yudodiharjo no 06 rt 30 rw 08,,
RAJAWALI KONSTRUKSI,Curahdami RT 08 RW 02,-7.9129901,113.7915695
Konter jual beli pulsa,Mandiro,-7.8802838,113.8326099
PENJUAL PECAH BELAH KELILING,DUSUN KLOANGAN RT.08 RW.05,,
Toko Krupuk Bawang,Jebung Kidul RT. 013 RW. 003,,
Dagang toko eceran,Sumber tengah  binakal,,
Toko peracangan eceran,Sumber tengah,,
PENJUAL KELILING,DESA BOTOLINGGO RT 37 RW 13,,
DAGANG BESI TUA,PJKA BONDOWOWO,,
penjuwal eceran,"desa pelalangan, rt 15 rw 04, kecamatan Wonosari, kabupaten Bondowoso",,
krupuk jaya,mandiri rt02/01,,
TANI MAJU,Dusun Gajas,,
UD PERDANA,Dusun Masjid RT.009 RT.005,,
,Dusun masjid RT.009 RW.005,,
Khoe Creatif Wood,Purnama Rt 10 Rw 05,,
Fafa taylor,Bunduh rt 010 tw 003 bataan tenggarang bondowoso,-7.9175135,113.8428315
PENJUAL PAKAN BURUNG,DUSUN PASAR RT.03 RW.01,,
Desain Optimal,Jl supriyadi Belakang SMAN 3 KAB BONDOWOSO,,
Frozen Food Kampung Arab,"Belakang SMAN 3, Jl. Supriyadi, Kademangan Kulon, Kademangan, Kec. Bondowoso, Kabupaten Bondowoso, Jawa Timur 68217",,
TOKO KELONTONG BU SAHRIMA,Krajan II RT 5 Rw 5 Prajekan Kidul,,
MRK KOPI ( MISTER KARMEN ),"JEMBATAN KIRONGGO, JALAN JENDPOL SUCIPTO YUDODIHARJO",,
BIN HASAN,Jl. Hos Cokroaminoto No. 4 Rt. 002 Rw. 001,,
TOKO JIHAN BATIK JF PARFUM,JL.LETNAN SUDIONO  9,,
Tempe daun,Jalan Panjaitan Tamansari Bondowoso,-7.9227844,113.8197714
Rumah Alza,Jl. MT Haryono nomor 52 RT 015 RW 003 Kota Kulon,,
Warung kopi,Jembatan kironggo,,
UD INSAN ABADI,Jl. KH. Zainul Arifin RT.004/ RW.001,,
UD. HAMDALAH,Sumber pandan RT 02 RW 01 ,,
jual beli keperluan sehari-hari,Penanggungan RT 10 RW 04 Desa Jetis,,
JAYA ABADI,Dusun Krajan RT 001 / Rw 001,,
Online Shop,"Jl. Sersan Atmari Curahpoh RT 05 RW 01 Kecamatan Curahdami, Kabupaten Bondowoso",,
JUAL PULSA TOKEN,Dusun Krajan Timur RT. 010 RW. 002,,
KRIPIK UBI UNGU,Dusun Gajas RT 003 RW 001,,
warung kopi,petung,-7.84624,113.7369977
boutiq jahit,desa pekalangan kecamatan tenggarang kabupaten bondowoso,,
BINTANG JAYA,DUSUN SRATEN II RT.004 RW.002,,
BENGKEL LAS SETIA HATI,KEMBANG,-7.943275,113.7988114
"UD ""PERMATA""",Desa Ramban Kulon Rt 11 Kecamatan Cermee Kabupaten Bondowoso,,
TOKO AL-FAZAA,KRAJAN TAPEN RT.001 RW.001 ,,
TOKO AL-FAZZA,DESA KRAJAN TAPEN RT.001 RW. 001 ,,
UD LIUR MAS,JL.IMAM BONJOL RT.013 RW.003,,
JUAL BELI BATU BATA,DESA JURANGSAPI RT 24 RW 08 ,,
WARUNG ANDIRA,DUSUN KESEMEK RT.012 RW. 006,,
WARUNG ANDIRA ,DUSUN KASEMEK RT.012 RW.006,,
ALFARI MANDIRI,Gentong,-7.8593731,113.9013753
PANGKAS RAMBUT SUMBAWA,"Grujugan Kidul, RT. 17 RW. 03",-7.9700773,113.8249274
""" TOKO DUA PUTRI ""","Desa Kerang Rt.013 Rw,004 Dusun Jatirejo",,
"RUMAH ES ""UMIK""","DUSUN LUMBUNG RT 37,RW 06 DESA BATAAN,KEC TENGGARANG BONDOWOSO",,
kameela (Gamis Syar'i),"Ruko no 2, sebelah gardu PLN, Sumbersalam, tenggarang",,
ASRI,Ds. Mandiro RT.19 RW.06,,
TAHU SUSU,"Bondowoso, Jl. Kh. Agus Salim GG Taman, RT 32 Rw 01 kel. blindungan, Kecamatan Bondowoso",,
PEDAGANG CEMILAN,DUSUN KRAJAN RT.30 RW.06,,
FAJAR MEBEL JAYA,BADEAN RT : 018 / 002,,
Hanggar Colection,jl.Saliwiryo Pranowo no 29 Rw/Rt 026/007,,
pedagang makanan,Jl.RA.Kartini 44 Blindungan Bondowoso,,
Peternakan kelinci,KRAJAN,-8.002702,113.861871
Fajar Bougenville,Jl. Diponegoro v/37 ,,
TOKO SEMBAKO,RT.007 RW.006,,
BARATHA COFFEE LAB,"Jl. Saliwiryo Pranowo No.11, Gg. Taman, Kotakulon, Bondowoso",,
Edo clothing shop,Jl. Pakisan perum bataan permai blok a rt25 rw8 no49,,
Market Player,"Desa Sumber Salam RT.27/08
Kecamatan Tenggarang Kabupaten Bondowoso",,
Isi ulang AIR Dra'i,KRAJAN 1 RT.05/RW.01 SUMBER WRINGIN,,
Budidaya Ikan Lele,Dusun Bunutan RT 44 RW 14,,
F4MILY SERVIS,Perum Kembanh Permai Blok BB 04,,
ROSAND SHOP,Dusun Koarah 13/04,,
Toko Rafa,RT.26 Rw.03 Dusun Cempaka,,
UD. CONDONG TRESNO,Dusun Moncek,,
Driver Online,A YANI GG A,,
"UD. ""KUMPUL TANI""",DESA SUMBER KALONG KECAMATAN WONOSARI,,
ziya bubur,Zainul Arifin no 46,,
UD SUMBER KAYU,"TEMPAT USAHA, ALAT ANGKUT DAN LAIN - LAIN",,
TEMBEL BAN FAOZI,MANGLI RT.016/003,,
Dagang / toko sembako,Jl.Raya Situbondo Perum Klabang,,
Usaha Jahit,Jalan Abd. Wahid 27/6 Kel. Badean Kec. Bondowoso Kab. Bondowoso,,
SUMBER REJEKI,DESA KEMBANG RT 25 RW 04 KECAMTAN TLOGOSARI KABUPATEN BONDOWOSO KODE POS 68272,,
Apotek Zara Farma,"Jl. KH. Asyari, RT 021 RW 004, Kelurahan Kademangan, Bondowoso",,
UD. MAJU JAYA MEBEL,KRAJAN 2,-8.002702,113.861871
FARID TANI,Dusun Karang Malang RT 24 RW 05,,
UD FARID JAYA,Desa Wonosari RT 06 RW 02,,
UD. SINAR BARU,Desa Karanganyar RT. 02 RW. 01,,
TEMPE MADINAH,"JL IMAM BONJOL GG I/41 KELURAHAN KADEMANGAN RT 13,RW 3 KECAMATAN BONDOWOSO",,
UD VARIA TANI,Jl. Jend. Pol. Sucipto Yudodiharjo No.47,,
One kids Farm,jln kh agussalim rt12 rw 03,,
Peternak Ayam Joper,Dsn Sraten Ii RT.02 RW.02 Desa Prajekan Kidul Kec Prajekan,,
UD NANDIQI,DESA JERUK SOKSOK RT.002 RW.001,,
,DESA JERUK SOKSOK RT.002 RW.OO1,,
TOKO YOGA,Los PASAR KITA JEBUNG KIDUL,,
PEDAGANG CILOK,GRUJUGAN LOR RT/RW 011/003,,
TOKO BINTANG,MASKUNING WETAN RT. 013 RW. 002,,
Dua putra,dusun nyiuran RT.12/RW.05 Desa Lombok Wetan,,
Gugun Jaya,"dusun nyiuran RT.12, RW.05, Desa Lombok wetan ",,
WARUNG BAKSO,KRAJAN RT 7 RW 03,,
FARIDA JAMUR,Dusun Plampang Utara RT 15 RW 04,,
FARIDA CELL,PEKALANGAN RT.016/003,,
Dagang Kelontong,Desa Gununganyar Rt. 24 RW. 06 Kecamatan Tapen,,
Toko Sinar Rejeki,Pasar Pujer Desa Maskuning Wetan Rt.20 Rw.03,,
farida sovenir,dusun pal 16,,
Warung Pop Ice dan Jigor,Jendpol. Sucipto Yudodiharjo 16 Rt 029 Rw. 008,,
RIAS PENGANTIN,Dusun Krajan RT. 006 RW. 002,,
PRACANGAN ,LUMBUNG RT.04 RW.01,-7.9378929,113.7997015
TERNAK KAMBING,dusun mengen barat  Rt. 013 RW. 004,,
"TOKo ""DUa N """,DESA KERANG RT.005 RW.003,,
MIABILL,Maskuning Wetan RT 11/ RW 02 Pujer Bondowoso,,
dian olshop,tlogosari rt/rw 019/004,,
TOKO ERFAL PUTRA,DESA SUMBER CANTING RT.005 RW.004,,
Awfa Shop,Desa Taman RT 003 / RW 001 ,,
Farida food,JL.KH AGUS SALIM BLINDUNGAN BONDOWOSO,,
pedagang ikan asin,sumber wringin rt/rw 26/05,,
Pedagang sosis,DESA GENTONG RT.020 RW.008,,
Toko Sembako,Desa Kretek RT 003 RW 001,,
rida olshop,desa pejaten RT 16 RW 04 kecamatan bondowoso,,
TOKO TENANG,Dusun Paceh Rt. 013 Rw. 004,,
,Dusun Paceh Rt. 013 Rw. 004 ,,
PRACANGAN ,MANDIRO RT.12 RW.04,,
CAHAYA TERANG,Bercak Asri,,
Fina jaya ilahi,Dusun Carmi RT/RW. 011/002,,
rukun jaya,dusun krajan ,,
Pabrik Es Krim malika,Desa Lojajar Rt09 Rw05 Kecamatan Tenggarang Kab.Bondowoso,,
Toko Hj. Suprihatin,Jl. Raya Tamanan RT 5 / RW 1,,
Toko Aksesoris,"Prajekan Lor RT2, RW7",,
Warung dan Conter celuler,"Kluncing Barat, Rt/Rw, 017/004",,
TOKO PARISI,Dusun Krajan RT 05 RW 01,,
Jigor ulek,Desa sukosari lor rt 14 rw 06,,
DAGANG,PASAR KITA DESA JEBUNG KIDUL,,
Catering,Prajekan lor rt 01 rw 06,-7.7886452,113.9833799
UD SEJATI,DESA TAMAN RT.069 RW.008,,
FARUQ FARM,Desa Cermee Rt. 026 ,,
DANIAL BESI TUA,Mengok RT. 028 RW. 008,,
Hans Drink ,"Dusun krajan 1, RT 01/RW 01,Des.Sumbersari,Kec.Maesan,Kab.Bondowoso",,
UD TIGA PUTRA,Desa Jetis RT.002 RW.001,,
Jamu dan Obat Tradisional ,"Kademangan, Bondowoso Jawa Timur",-7.9163113,113.8312622
UD TANI JAYA,JL.RAYA SUMBER JAMBE RT.012 RW.004,,
MINA RAHAYU,Desa Dawuhan RT/RW 002/001,,
TOKO BAROKAH,"Dusun Talang Rt.02/01, Desa Sumberpakem, Kecamatan Maesan, Kabupaten Bondowoso",,
,"Dusun Talang, Rt.02/01. Desa Sumber pakem, Kecamatan maesan, Kabupaten Bondowoso.",,
UD FATHNINDALAZ,"Jl. Jend Pol Sucipo yudodihardjo, Blindungan, Bondowoso",,
,"Jl. Situbondo, Pasar Wonosari, Wonosari, Bondowoso",-7.8868878,113.89253
BATU PADAS,BOTOLINGGO RT.38 RW.13,,
BAKERY ROTI,"Desa Alassumur Rt, 025 Rw, 009 Kec. Pujer Kab. Bondowoso.",,
UD. JAYA ABADI,Reces RT.003 RW.001,,
CERMEE INDUSTRI,Desa Bercak Rt. 017,,
TOKO TATA,PADASAN RT 05 RW 02,-7.9428496,113.8795073
ANEKA KUE BASAH FATHOR,SUMBER KALONG RT.005/002,,
Ternak itik,Grujugan rt 01 cermee bondowoso,,
JAYA MAKMUR,BENDOARUM,-7.9174662,113.9221706
TM LOUNDRY,RT 01 RW 01,-7.9134402,113.8222709
PINK STUDIO KAMERA,DSN. KRAJAN I RT : 01,,
JUAL TAHU KELILING,DUSUN DAKON 01 RT 017 RW 004 DESA KEJAWAN,,
BENGKEL TRAKTOR HASAN,PEKALANGAN RT.017 RW. 003,,
Jual sosis,Jl kh agus salim blindungan,-7.9103604,113.8263967
POM MINI FATHOROZI,KASEMEK RT.019 RW.010,,
TOKO FIIFN JAYA,Dusun Lucu RT. 018 / RW. 004,,
perdagangan,jatitamban rt 10 rw 03,-7.8370655,113.776263
KERUPUK CAK FATHOR,PADASAN RT12 RW 05,,
TOKO SULTAN,Dusun Karang Malang RT 08 RW 02,,
Tretan Farm (kebun hidroponik),Lombok wetan rt.009 rw.004,,
CABAI PAK FATHOR,Duun Krajan RT 10 RW 02,,
TAPE MANIS MEKAR MADU,Dusun Andung RT14 RW06,,
Selvi Dwi Elektronik,Dusun Krajan RT/RW. 004/001,,
toko restu ibu,"jl Raya Pasar Maesan Desa Gambangan, Kecamatan Maesan, Kabupaten Bondowoso",,
PEDAGANG SAYUR KELILING,"KEMBANG
RT 016
DESA KEMBANG 
KECMATAN TLOGOSARI",,
ANDIKA TRANS,DUSUN KRAJAN RT 005 RW 002,,
Rida Cell,"Dusun Maradinan, Desa Kejayan, RT 19/RW 05, Kecamatan Pujer Kabupaten Bondowoso",,
Rozi Cell,"Dusun Maradinan, Desa Kejayan RT 19/RW 05, Kecamatan Pujer-Kabupaten Bondowoso",,
Bengkel,Jln kis mangun sarkoro rt7 rw3 tamansari bondowoso,,
SEKAR LUMINTU,Jln.Kh.Ali Sekarputih RT 21 RW 06,,
MINA BAROKAH,"Desa Sumber Tengah, Kecamatan Binakal, Kabupaten Bondowoso",,
Bengkel LAS Elang Putih,Perum tegalasri M 21 007/002 Karang Anyar Tegalampel Bondowoso,,
WARUNG NIKMAT,"Bata Timut, Rt: 031 Rw: 006",,
BAKSO GAMA,MASKUNING KULON RT.008 RW.003,,
KIOS TEMBAKAU FATIMA,MENGOK RT.023 RW.004,,
WARUNG  BERKAH,DUSUN TALPEK RT 14 RW 02 DESA SUMBERSUKO,,
j parfume,"jl. raya situbondo, seraten 1, prajekan kidul",,
QUEEN LATIFAH ,KH.ASHARI 318 RT.021 RW.004 ,,
PENJUAL PECEL,JL. BRIGPOL SUDARLAN RT/RW 003/001,,
AYAM POTONG,KARANGANYAR,-7.8932782,113.8195432
TOKO PRACANGAN + CILOK,DESA GRUJUGAN KIDUL RT 10 RW 2,,
FATIMAH CATERING,JL.A YANI BELAKANG ARKADA RT.008 RW.003,,
Fatimah busana,JURANG SAPI RT 03/RW 01,,
TOKO FATIMAH,PEKALANGAN RT.019! 004,,
SUMBER REJEKI,KADEMANGAN RT.019 RW.004 KELURAHAN KADEMANGAN BONDOWOSO,,
DAPUR AFA,JL . PELITA GANG WALLET RT/RW 018/006,,
Warung Mie Lava,Jln. Raya Tamanan No. 32,,
FATIMAH SHOP,Jl. HOS Cokroaminoto Rt 024 / Rw 004,,
SIRUP HANA,Jl. Raya Pakisan RT.016 RW.005,,
ZAHRO MANDIRI,"Dusun Gunung, RT/RW: 001/001, desa Maskuning Wetan, Pujer, Bondowoso",,
PERDANGAN PERACANGAN,DESA SUKOKERTO RT 10 RW 05 KEAMATAN PUJER KABUPATEN BONDOWOSO PROVINSI JAWA TIMUR INDONESIA,,
,DUSUN AMPELAN RT 10 RW 05 SUKOKERTO PUJER BONDOWOSO,,
PEDAGANG SEMBAKO,PENAMBANGAN,-7.9197593,113.7900889
GORENGAN,"BOTOLINGGO, RT: 020 RW: 008, KECAMATAN BOTOLINGGO KABUPATEN BONDOWOSO",,
ZAIN COLECTION,RT.021 / RW.005,,
WILDAN JAYA,"Sumber salam, tenggarang , bondowoso",,
Warung berkah,"Jalan pelita, gang buntu rt16/rw06",,
TOKO MIRA,DS LUMUTAN RT.061 RW.011,,
BESEK IKAN,Dusun taman curahpoh Rt 07 RW 02,,
WARUNG NASI BU FATMAWATI,dalam Pasar Tradisional Maesan,,
TOKO DONI,Desa Jebung Lor RT 021 TW 003,,
PENJUAL GORENGAN,DUSUN KRAJAN RT 17 RW 03,,
PENJAHIT,MANDIRO RT.01 RW.01,-7.8802838,113.8326099
TOKO SARIFA,JL MT HARYONO 46 RT 15 RW 03,,
WARUNG MBAK FAT,GADINGSARI RT.015 RW.004,,
Warung rujak nenek,Jl kis mangunsarkoro,,
Jual Online makanan,Desa kembang rt 13/05,,
PRACANGAN ,DESA GRUJUGAN KIDUL RT.24 RW.04,,
"UD. "" RIA """,Lunggusari BaratRt.027/Rw.006,,
Industri Tahu,Jl Mastrip RT 19 RW 05,,
TK AL MUHIBBIN,JL. KIS MANGUNSARKORO NO.369,,
Toko Pakaian,Pasar Wringin Bondowoso,,
TABRIZZ PARFUM,Jl imam bonjol gg 1 no 84b,,
NADIFA FURNITUR,TEGALMIJIN RT.13 RW.03,,
FFU.NET,Dusun kebun dara Rt 04/02 sumber anyar jambesari darussolah bondowoso,,
Posen Barbershop,Wringin Rt/Rw 004/007,,
BAKWAN TOMY,Dusun Krajan RT. 001 Rw. 001,,
dagang sapi,"situbondo,bondowoso",-7.8868878,113.89253
Bakwan,Jl kh wahid hasyim rt 33/rw 01,,
Toko peracangan,"Dusun Andung, Rt010/Rw003,Sumber waru",,
SILFINA OLSHOP,desa jebung lor ,,
UD PB PUTRA TUNGGAL,DUSUN KASEMEK RT.014 RW.007,,
TOKO BAROKAH JAYA,Jumpong RT 01 RW 01,-7.9312857,113.8741813
STANDBORNEO,Prajekan kidul rt. 003/rw.003 kec. Prajekan kab. Bondowoso,,
AIFA CATERING,RT 05 RW 02 DESA PEKAUMAN KECAMATAN GRUJUGAN KABUPATEN BONDOWOSO JAWA TIMUR,,
RENTAL PS ( Playstation ),Desa Jurangsapi RT.40 RW. 13  ,,
FebNET,Dusun Krajan Atas RT/RW 002/001,,
SALON ONIX SPA,VILLA KEMBANG ASRI BLOK GB 7 RT/RW 024/006,,
Jual batu dan pasir,Jln. Raya prajekan. Desa walidono Rt 12 Rw 04,,
ZIELVA CATERING,JLN. A. YANI GANG KASURAN 38 NANGKAAN BONDOWOSO JATIM,,
JUAL BAKSO,MANDIRO RT.20 RW.07,,
ANUGERAH JAYA,JL. MT. HARYONO NO. 06 ,-7.9149734,113.8163508
Fendi Cell,Jln KIS MANGUNSARKORO NO 43,,
Jasa Penetasan Telur Bebek,Dusun Krajan RT 006 RW 002,,
Hotta,Jl. S. Parman gg. Prajurit no. 02,,
"DINKA "" PHOTOGRAPHY """,Desa Wonokusumo Rt.009 Rw.004,,
JUAL DAGING SAPI,Desa Taman Rt 062 Rw 007,,
Toko indah,Wonosari grujugan bondowoso,,
BOS ANOM,STADION MAGENDA BONDOWOSO TIMUR SKB,,
ALIF AZZAHRA CATERING,Jl. Diponegoro GG Al-mawaddah RT.012/ RW.003,,
Fengki Ayam potong dan kampung,Mandiro Rt 018 Rw 006,,
Barokah cell,Jln kawah ijen rt1/rw1 reces,,
singkong goreng,JL.PB. Sudirman no.47 Rt.020/Rw.006 Blindungan Bondowoso,,
PENTOL BAKAR IJO,Desa klampokan rt 04 rw 01 klabang bondowoso,,
UD. MAKMUR JAYA,Desa Jebung Lor RT 020 RW 003,,
UD JAYA BETON,JL RAYA KAJAR - LOJAJAR,-7.9295436,113.8454491
TOKO KATAMATA KITA,"Perum.kembang permai blok E no 30
Bondowoso",,
Percangan,"Jl kartini no.41 RT. 25/RW.06 Kelurahan Blindungan, Kecamatan Bondowoso,  Kabupaten Bondowoso",,
"LPK ""WONGSOMAJU""","Jl. A. Yani Perum Artha karya II No.15A
RT. 007 / 003",,
AMRY'S CAKERY,Perum PBI RT.017 RW.05,,
,"Perum PBI, RT.017 RW.05",,
,Perum PBI RT.017 RW.005 ,,
TOKO BILQIS,Dsn.pandigung RT 44 RW 14 Jurangsapi,,
toko,raya mastrip,,
TOKO PERACANGAN,"SUKOWON, PUJER, BONDOWOSO",,
UD RYE,JL DIPONEGORO,-7.9079348,113.8130524
,JL DOIPONEGORO,,
Fery colection,Jln jend pol sucipto yudodiharja gg purbosarino 79,,
